Transaction_ID,cust_ID,Product_ID,Quantity,Order_Date,Delivery_Days,Warehouse_Route_ID
T01001,C0942,P0525,5,2024-02-13,6,WH-D9
T01002,C0675,P0908,3,2024-02-08,7,WH-A1
T01003,C0685,P0255,4,2024-02-19,3,WH-A3
T01004,C0141,P0085,4,2024-02-05,5,WH-C8
T01005,C0138,P0458,2,2024-02-02,7,WH-E8
T01006,C0578,P0532,4,2024-02-15,2,WH-B9
T01007,C0710,P0562,5,2024-02-02,7,WH-B6
T01008,C0840,P0676,1,2024-02-11,2,WH-E6
T01009,C0228,P0092,2,2024-02-13,3,WH-B7
T01010,C0281,P0600,4,2024-02-23,6,WH-E5
T01011,C0684,P0069,5,2024-02-10,2,WH-E6
T01012,C0828,P0037,3,2024-02-03,3,WH-E9
T01013,C0431,P0765,4,2024-02-05,7,WH-E8
T01014,C0040,P0764,1,2024-02-03,2,WH-E5
T01015,C0519,P0140,1,2024-02-06,4,WH-D1
T01016,C0686,P0867,4,2024-02-13,1,WH-C6
T01017,C0663,P0893,4,2024-02-10,7,WH-A7
T01018,C0211,P0680,5,2024-02-19,6,WH-E5
T01019,C0302,P0566,4,2024-02-08,7,WH-A8
T01020,C0086,P0898,3,2024-02-18,4,WH-C4
T01021,C0397,P0178,5,2024-02-03,3,WH-A8
T01022,C0253,P0809,2,2024-02-24,3,WH-B9
T01023,C0533,P0813,3,2024-02-24,7,WH-E7
T01024,C0769,P0871,5,2024-02-17,4,WH-B4
T01025,C0891,P0618,5,2024-02-08,7,WH-A2
T01026,C0915,P0137,1,2024-02-10,1,WH-B1
T01027,C0381,P0190,5,2024-02-02,1,WH-D6
T01028,C0444,P0640,3,2024-02-12,5,WH-D3
T01029,C0033,P0342,4,2024-02-23,2,WH-D4
T01030,C0260,P0559,3,2024-02-06,5,WH-D9
T01031,C0234,P0005,2,2024-02-02,1,WH-E8
T01032,C0515,P0972,5,2024-02-21,4,WH-A3
T01033,C0859,P0257,5,2024-02-23,2,WH-E4
T01034,C0308,P0812,5,2024-02-24,4,WH-E6
T01035,C0739,P0662,5,2024-02-03,5,WH-D9
T01036,C0796,P0806,1,2024-02-17,3,WH-D6
T01037,C0070,P0243,1,2024-02-29,4,WH-B8
T01038,C0454,P0787,4,2024-02-07,5,WH-E6
T01039,C0439,P0720,5,2024-02-29,5,WH-E6
T01040,C0825,P0415,2,2024-02-21,5,WH-C8
T01041,C0364,P0627,4,2024-02-05,3,WH-B4
T01042,C0983,P0707,5,2024-02-23,3,WH-C9
T01043,C0766,P0343,1,2024-02-01,7,WH-C4
T01044,C0481,P0682,2,2024-02-08,3,WH-C5
T01045,C0144,P0379,4,2024-02-12,2,WH-B8
T01046,C0024,P0594,2,2024-02-14,3,WH-C8
T01047,C0965,P0666,5,2024-02-16,3,WH-C9
T01048,C0425,P0653,3,2024-02-10,3,WH-C5
T01049,C0746,P0826,2,2024-02-15,4,WH-A9
T01050,C0845,P0146,2,2024-02-21,3,WH-D7
T01051,C0175,P0323,1,2024-02-24,2,WH-C3
T01052,C0844,P0122,5,2024-02-26,5,WH-C1
T01053,C0325,P0252,2,2024-02-15,4,WH-C2
T01054,C0869,P0855,5,2024-02-10,1,WH-C8
T01055,C0671,P0899,1,2024-02-21,3,WH-C8
T01056,C0860,P0311,5,2024-02-28,7,WH-B4
T01057,C0348,P0601,1,2024-02-07,7,WH-E5
T01058,C0798,P0475,1,2024-02-26,5,WH-E5
T01059,C0018,P0570,4,2024-02-03,5,WH-B2
T01060,C0044,P0492,5,2024-02-02,4,WH-E4
T01061,C0155,P0575,3,2024-02-06,7,WH-B1
T01062,C0867,P0347,4,2024-02-21,1,WH-E4
T01063,C0922,P0820,1,2024-02-09,6,WH-B1
T01064,C0377,P0487,3,2024-02-10,7,WH-A7
T01065,C0743,P0473,2,2024-02-04,7,WH-C8
T01066,C0883,P0382,2,2024-02-27,2,WH-A3
T01067,C0828,P0280,4,2024-02-03,6,WH-A9
T01068,C0402,P0072,3,2024-02-09,5,WH-B7
T01069,C0225,P0521,5,2024-02-24,6,WH-D8
T01070,C0217,P0366,3,2024-02-22,7,WH-B5
T01071,C0568,P0933,4,2024-02-17,5,WH-C5
T01072,C0031,P0094,5,2024-02-14,6,WH-A2
T01073,C0869,P0373,5,2024-02-10,5,WH-E4
T01074,C0059,P0339,2,2024-02-13,5,WH-E1
T01075,C0892,P0437,3,2024-02-12,4,WH-B7
T01076,C0898,P0336,5,2024-02-27,1,WH-B1
T01077,C0353,P0664,4,2024-02-01,5,WH-D8
T01078,C0935,P0492,2,2024-02-28,2,WH-B5
T01079,C0445,P0917,5,2024-02-22,7,WH-A1
T01080,C0235,P0868,3,2024-02-29,7,WH-C2
T01081,C0107,P0040,2,2024-02-19,2,WH-C5
T01082,C0191,P0359,3,2024-02-19,3,WH-D9
T01083,C0992,P0574,3,2024-02-06,5,WH-E8
T01084,C0530,P0254,3,2024-02-13,5,WH-B9
T01085,C0913,P0966,2,2024-02-19,5,WH-D5
T01086,C0738,P0581,5,2024-02-13,6,WH-B2
T01087,C0679,P0398,1,2024-02-27,5,WH-C3
T01088,C0583,P0757,5,2024-02-26,5,WH-D5
T01089,C0874,P0877,2,2024-02-22,2,WH-B1
T01090,C0566,P0170,1,2024-02-21,1,WH-C5
T01091,C0245,P0690,1,2024-02-04,1,WH-E4
T01092,C0995,P0701,1,2024-02-24,3,WH-B7
T01093,C0862,P0511,4,2024-02-02,2,WH-D9
T01094,C0076,P0260,2,2024-02-15,5,WH-C2
T01095,C0547,P0584,4,2024-02-12,1,WH-D2
T01096,C0267,P0984,1,2024-02-27,4,WH-B3
T01097,C0317,P0459,4,2024-02-07,4,WH-D6
T01098,C0812,P0529,4,2024-02-20,4,WH-B1
T01099,C0121,P0882,2,2024-02-18,5,WH-C7
T01100,C0836,P0341,3,2024-02-23,5,WH-B8
T01101,C0025,P0057,4,2024-02-13,3,WH-C6
T01102,C0432,P0218,4,2024-02-17,7,WH-C1
T01103,C0160,P0619,1,2024-02-04,3,WH-C6
T01104,C0596,P0816,1,2024-02-25,3,WH-B1
T01105,C0114,P0940,1,2024-02-14,6,WH-A8
T01106,C0735,P0685,5,2024-02-20,4,WH-C3
T01107,C0900,P0731,4,2024-02-28,5,WH-D9
T01108,C0502,P0464,1,2024-02-13,4,WH-C2
T01109,C0166,P0247,2,2024-02-03,3,WH-C6
T01110,C0703,P0730,5,2024-02-26,5,WH-E4
T01111,C0175,P0373,3,2024-02-26,2,WH-B3
T01112,C0001,P0417,4,2024-02-18,1,WH-D3
T01113,C0899,P0031,4,2024-02-14,1,WH-D6
T01114,C0741,P0368,2,2024-02-15,3,WH-D9
T01115,C0086,P0559,3,2024-02-03,7,WH-D9
T01116,C0574,P0646,3,2024-02-01,4,WH-B4
T01117,C0320,P0108,5,2024-02-26,2,WH-E2
T01118,C0401,P0584,4,2024-02-24,5,WH-E8
T01119,C0382,P0839,1,2024-02-17,7,WH-E6
T01120,C0718,P0418,2,2024-02-03,4,WH-A2
T01121,C0617,P0620,2,2024-02-14,3,WH-A9
T01122,C0318,P0821,2,2024-02-03,4,WH-E4
T01123,C0803,P0398,2,2024-02-13,3,WH-E9
T01124,C0250,P0272,1,2024-02-15,6,WH-B3
T01125,C0525,P0683,1,2024-02-18,1,WH-C9
T01126,C0675,P0116,5,2024-02-14,7,WH-D2
T01127,C0555,P0841,4,2024-02-21,1,WH-B8
T01128,C0898,P0586,1,2024-02-26,4,WH-A9
T01129,C0952,P0256,5,2024-02-03,2,WH-D1
T01130,C0623,P0081,3,2024-02-19,5,WH-D3
T01131,C0717,P0780,4,2024-02-08,3,WH-E7
T01132,C0896,P0128,1,2024-02-04,5,WH-D1
T01133,C0256,P0838,3,2024-02-04,1,WH-E8
T01134,C0307,P0915,5,2024-02-19,2,WH-C1
T01135,C0950,P0235,1,2024-02-11,2,WH-D5
T01136,C0144,P0553,1,2024-02-01,5,WH-A4
T01137,C0658,P0181,3,2024-02-08,1,WH-E2
T01138,C0391,P0157,1,2024-02-15,5,WH-A7
T01139,C0813,P0454,2,2024-02-01,4,WH-C2
T01140,C0676,P0571,1,2024-02-07,2,WH-E1
T01141,C0169,P0857,4,2024-02-21,2,WH-A8
T01142,C0990,P0761,3,2024-02-20,4,WH-A5
T01143,C0298,P0704,4,2024-02-20,1,WH-D3
T01144,C0233,P0024,5,2024-02-24,2,WH-B7
T01145,C0903,P0473,4,2024-02-11,7,WH-C7
T01146,C0271,P0400,2,2024-02-27,6,WH-D7
T01147,C0060,P0948,2,2024-02-29,6,WH-D2
T01148,C0296,P0592,4,2024-02-14,6,WH-E3
T01149,C0467,P0134,5,2024-02-22,3,WH-C2
T01150,C0235,P0421,1,2024-02-16,7,WH-B9
T01151,C0677,P0213,2,2024-02-14,3,WH-D9
T01152,C0706,P0900,4,2024-02-12,1,WH-B4
T01153,C0234,P0482,4,2024-02-17,4,WH-A1
T01154,C0368,P0348,4,2024-02-14,5,WH-C8
T01155,C0695,P0166,1,2024-02-10,7,WH-E7
T01156,C0845,P0937,3,2024-02-24,1,WH-E7
T01157,C0232,P0348,5,2024-02-29,5,WH-B4
T01158,C0873,P0849,3,2024-02-14,1,WH-D6
T01159,C0491,P0398,5,2024-02-18,3,WH-B5
T01160,C0619,P0583,5,2024-02-22,6,WH-B2
T01161,C0503,P0726,4,2024-02-09,4,WH-A7
T01162,C0890,P0435,2,2024-02-17,3,WH-E1
T01163,C0735,P0577,4,2024-02-06,4,WH-B4
T01164,C0592,P0221,1,2024-02-08,7,WH-A2
T01165,C0746,P0308,5,2024-02-26,5,WH-E1
T01166,C0381,P0991,2,2024-02-13,1,WH-D1
T01167,C0696,P0798,5,2024-02-18,2,WH-B1
T01168,C0428,P0697,5,2024-02-05,2,WH-D8
T01169,C0697,P0719,4,2024-02-06,4,WH-B9
T01170,C0646,P0466,2,2024-02-21,6,WH-B1
T01171,C0732,P0099,2,2024-02-19,6,WH-B9
T01172,C0800,P0242,5,2024-02-04,4,WH-C4
T01173,C0364,P0158,2,2024-02-07,3,WH-E6
T01174,C0202,P0610,2,2024-02-04,2,WH-E6
T01175,C0882,P0554,4,2024-02-25,3,WH-B5
T01176,C0146,P0651,3,2024-02-11,5,WH-B9
T01177,C0836,P0795,1,2024-02-12,2,WH-B7
T01178,C0639,P0920,3,2024-02-14,5,WH-C5
T01179,C0457,P0227,2,2024-02-13,1,WH-A9
T01180,C0135,P0423,5,2024-02-29,3,WH-E3
T01181,C0626,P0072,1,2024-02-10,4,WH-D9
T01182,C0264,P0243,1,2024-02-18,2,WH-D1
T01183,C0064,P0530,5,2024-02-16,3,WH-C7
T01184,C0491,P0589,1,2024-02-05,4,WH-E6
T01185,C0647,P0045,5,2024-02-08,1,WH-D7
T01186,C0041,P0472,1,2024-02-14,2,WH-B5
T01187,C0296,P0371,3,2024-02-05,5,WH-D3
T01188,C0003,P0855,1,2024-02-26,1,WH-E8
T01189,C0913,P0652,4,2024-02-28,6,WH-B4
T01190,C0706,P0689,5,2024-02-24,4,WH-C3
T01191,C0975,P0734,1,2024-02-08,2,WH-D1
T01192,C0110,P0927,5,2024-02-25,2,WH-E7
T01193,C0221,P0092,4,2024-02-26,7,WH-D9
T01194,C0370,P0022,1,2024-02-06,7,WH-E3
T01195,C0368,P0172,1,2024-02-16,1,WH-D4
T01196,C0436,P0604,4,2024-02-28,2,WH-C4
T01197,C0918,P0192,4,2024-02-04,4,WH-C2
T01198,C0004,P0077,4,2024-02-12,1,WH-D6
T01199,C0244,P0281,5,2024-02-11,5,WH-A9
T01200,C0902,P0364,4,2024-02-03,1,WH-B1
T01201,C0166,P0179,5,2024-02-12,1,WH-C7
T01202,C0026,P0238,3,2024-02-05,5,WH-E1
T01203,C0395,P0135,1,2024-02-06,6,WH-A4
T01204,C0474,P0877,1,2024-02-19,7,WH-E9
T01205,C0017,P0902,2,2024-02-18,4,WH-B8
T01206,C0728,P0280,3,2024-02-16,6,WH-B6
T01207,C0092,P0019,4,2024-02-23,6,WH-C1
T01208,C0483,P0595,4,2024-02-11,6,WH-B4
T01209,C0543,P0740,3,2024-02-05,7,WH-A8
T01210,C0205,P0371,4,2024-02-09,3,WH-B4
T01211,C0502,P0777,2,2024-02-03,7,WH-D4
T01212,C0931,P0112,5,2024-02-08,6,WH-E6
T01213,C0400,P0763,1,2024-02-06,3,WH-C7
T01214,C0207,P0676,3,2024-02-04,5,WH-D9
T01215,C0619,P0870,1,2024-02-12,7,WH-C5
T01216,C0146,P0680,5,2024-02-12,4,WH-C6
T01217,C0879,P0221,3,2024-02-25,6,WH-E8
T01218,C0101,P0920,5,2024-02-21,2,WH-D2
T01219,C0880,P0304,4,2024-02-16,5,WH-D6
T01220,C0830,P0703,4,2024-02-10,3,WH-B6
T01221,C0880,P0325,4,2024-02-22,7,WH-C7
T01222,C0241,P0437,5,2024-02-14,4,WH-A4
T01223,C0923,P0438,5,2024-02-13,1,WH-B1
T01224,C0759,P0170,5,2024-02-09,4,WH-C9
T01225,C0163,P0375,1,2024-02-07,4,WH-E7
T01226,C0884,P0557,5,2024-02-12,6,WH-C3
T01227,C0173,P0381,4,2024-02-05,6,WH-B6
T01228,C0502,P0986,2,2024-02-18,7,WH-B7
T01229,C0547,P0014,5,2024-02-04,7,WH-E4
T01230,C0284,P0743,2,2024-02-02,3,WH-D9
T01231,C0359,P0669,4,2024-02-03,7,WH-C5
T01232,C0381,P0500,5,2024-02-26,3,WH-D8
T01233,C0870,P0646,1,2024-02-12,6,WH-D3
T01234,C0905,P0391,1,2024-02-03,6,WH-C3
T01235,C0972,P0549,2,2024-02-04,2,WH-B9
T01236,C0911,P0565,1,2024-02-06,2,WH-D3
T01237,C0533,P0530,1,2024-02-12,5,WH-E1
T01238,C0820,P0983,1,2024-02-19,6,WH-E1
T01239,C0163,P0492,4,2024-02-10,1,WH-A1
T01240,C0609,P0550,1,2024-02-01,2,WH-A7
T01241,C0307,P0699,3,2024-02-17,3,WH-B4
T01242,C0339,P0385,5,2024-02-16,4,WH-A3
T01243,C0055,P0196,1,2024-02-09,7,WH-A4
T01244,C0983,P0755,1,2024-02-25,7,WH-E8
T01245,C0333,P0300,1,2024-02-21,5,WH-C1
T01246,C0127,P0815,3,2024-02-09,2,WH-E8
T01247,C0940,P0547,1,2024-02-27,4,WH-D1
T01248,C0705,P0727,1,2024-02-23,4,WH-A9
T01249,C0243,P0731,5,2024-02-09,2,WH-E7
T01250,C0861,P0828,3,2024-02-12,1,WH-A1
T01251,C0600,P0602,3,2024-02-23,1,WH-E5
T01252,C0848,P0308,1,2024-02-09,5,WH-E5
T01253,C0409,P0252,3,2024-02-15,1,WH-A9
T01254,C0503,P0008,2,2024-02-02,5,WH-D3
T01255,C0727,P0768,3,2024-02-11,3,WH-A2
T01256,C0604,P0875,3,2024-02-11,2,WH-E3
T01257,C0303,P0208,3,2024-02-08,4,WH-B4
T01258,C0464,P0937,4,2024-02-23,5,WH-E9
T01259,C0235,P0131,4,2024-02-06,7,WH-C6
T01260,C0696,P0736,4,2024-02-21,1,WH-C7
T01261,C0038,P0709,3,2024-02-20,7,WH-A6
T01262,C0139,P0980,2,2024-02-07,5,WH-D8
T01263,C0195,P0654,3,2024-02-03,6,WH-E4
T01264,C0527,P0764,1,2024-02-08,5,WH-B5
T01265,C0769,P0608,2,2024-02-18,1,WH-A1
T01266,C0647,P0026,4,2024-02-17,6,WH-A7
T01267,C0001,P0623,5,2024-02-11,6,WH-D7
T01268,C0561,P0454,2,2024-02-02,1,WH-E8
T01269,C0096,P0635,4,2024-02-25,6,WH-A1
T01270,C0713,P0186,2,2024-02-21,2,WH-B2
T01271,C0413,P0484,2,2024-02-27,4,WH-D7
T01272,C0538,P0680,3,2024-02-24,7,WH-C2
T01273,C0855,P0051,1,2024-02-19,2,WH-E1
T01274,C0429,P0891,5,2024-02-07,2,WH-B4
T01275,C0235,P0005,4,2024-02-18,1,WH-E8
T01276,C0349,P0589,2,2024-02-08,1,WH-C1
T01277,C0756,P0160,5,2024-02-14,7,WH-A5
T01278,C0870,P0208,2,2024-02-07,4,WH-E1
T01279,C0481,P0257,1,2024-02-28,5,WH-B6
T01280,C0839,P0205,5,2024-02-21,2,WH-A4
T01281,C0396,P0767,4,2024-02-28,6,WH-E3
T01282,C0351,P0950,2,2024-02-27,4,WH-D2
T01283,C0416,P0011,1,2024-02-04,2,WH-C3
T01284,C0886,P0949,5,2024-02-17,5,WH-E4
T01285,C0916,P0008,2,2024-02-05,6,WH-E7
T01286,C0887,P0409,2,2024-02-12,2,WH-E6
T01287,C0051,P0936,4,2024-02-09,3,WH-D3
T01288,C0081,P0032,1,2024-02-26,7,WH-A9
T01289,C0036,P0984,3,2024-02-20,4,WH-C1
T01290,C0067,P0540,2,2024-02-13,7,WH-A7
T01291,C0641,P0718,5,2024-02-25,1,WH-B2
T01292,C0882,P0387,4,2024-02-28,2,WH-C7
T01293,C0667,P0228,4,2024-02-18,6,WH-C1
T01294,C0757,P0640,2,2024-02-20,6,WH-C8
T01295,C0623,P0767,2,2024-02-09,4,WH-D4
T01296,C0680,P0475,2,2024-02-04,4,WH-C9
T01297,C0481,P0724,3,2024-02-21,7,WH-D7
T01298,C0468,P0751,2,2024-02-27,6,WH-B7
T01299,C0142,P0207,1,2024-02-08,6,WH-A5
T01300,C0356,P0318,5,2024-02-01,6,WH-B2
T01301,C0709,P0795,2,2024-02-17,2,WH-A5
T01302,C0471,P0757,3,2024-02-25,6,WH-B7
T01303,C0621,P0557,5,2024-02-09,1,WH-B7
T01304,C0888,P0617,4,2024-02-20,6,WH-C6
T01305,C0591,P0348,2,2024-02-13,1,WH-A2
T01306,C0902,P0793,5,2024-02-02,2,WH-A5
T01307,C0673,P0234,4,2024-02-13,4,WH-D6
T01308,C0439,P0701,3,2024-02-09,1,WH-C2
T01309,C0531,P0044,1,2024-02-20,2,WH-B2
T01310,C0127,P0737,2,2024-02-06,6,WH-B7
T01311,C0205,P0942,1,2024-02-28,2,WH-D9
T01312,C0029,P0142,3,2024-02-01,6,WH-E9
T01313,C0445,P0648,5,2024-02-28,7,WH-D2
T01314,C0966,P0176,5,2024-02-25,2,WH-A2
T01315,C0719,P0654,3,2024-02-05,4,WH-C9
T01316,C0464,P0449,3,2024-02-03,1,WH-A6
T01317,C0280,P0592,2,2024-02-04,7,WH-D1
T01318,C0151,P0082,4,2024-02-01,4,WH-C7
T01319,C0240,P0135,1,2024-02-14,3,WH-D2
T01320,C0266,P0719,1,2024-02-09,6,WH-E4
T01321,C0694,P0856,5,2024-02-24,1,WH-E9
T01322,C0105,P0177,5,2024-02-04,4,WH-B7
T01323,C0937,P0383,2,2024-02-18,1,WH-B3
T01324,C0433,P0243,3,2024-02-14,3,WH-C5
T01325,C0913,P0567,1,2024-02-25,5,WH-C8
T01326,C0497,P0141,2,2024-02-04,6,WH-B2
T01327,C0440,P0457,5,2024-02-25,6,WH-B7
T01328,C0748,P0440,5,2024-02-10,2,WH-C7
T01329,C0685,P0056,1,2024-02-03,6,WH-C8
T01330,C0158,P0527,5,2024-02-23,6,WH-A6
T01331,C0172,P0697,5,2024-02-07,4,WH-C4
T01332,C0494,P0826,4,2024-02-10,7,WH-D4
T01333,C0970,P0419,3,2024-02-13,6,WH-D2
T01334,C0311,P0088,5,2024-02-04,6,WH-B5
T01335,C0403,P0609,4,2024-02-18,3,WH-A7
T01336,C0669,P0656,2,2024-02-11,7,WH-C7
T01337,C0770,P0008,5,2024-02-25,3,WH-C8
T01338,C0676,P0477,2,2024-02-04,1,WH-C7
T01339,C0659,P0215,5,2024-02-24,1,WH-E3
T01340,C0903,P0685,1,2024-02-14,6,WH-C6
T01341,C0666,P0735,4,2024-02-18,6,WH-E4
T01342,C0463,P0552,4,2024-02-08,2,WH-D6
T01343,C0367,P0497,1,2024-02-27,1,WH-B7
T01344,C0550,P0694,3,2024-02-10,4,WH-C5
T01345,C0643,P0503,4,2024-02-05,6,WH-D4
T01346,C0870,P0782,2,2024-02-23,4,WH-C7
T01347,C0255,P0699,4,2024-02-07,6,WH-C7
T01348,C0208,P0245,3,2024-02-12,4,WH-C2
T01349,C0450,P0478,2,2024-02-25,5,WH-E4
T01350,C0095,P0309,2,2024-02-03,4,WH-E9
T01351,C0860,P0231,1,2024-02-26,7,WH-B9
T01352,C0839,P0383,5,2024-02-04,1,WH-A8
T01353,C0478,P0155,1,2024-02-10,6,WH-B8
T01354,C0683,P0175,5,2024-02-04,1,WH-C2
T01355,C0762,P0848,1,2024-02-15,7,WH-D8
T01356,C0190,P0115,5,2024-02-29,7,WH-B5
T01357,C0711,P0390,4,2024-02-10,4,WH-B5
T01358,C0484,P0311,2,2024-02-21,3,WH-B7
T01359,C0733,P0993,5,2024-02-22,3,WH-D2
T01360,C0536,P0300,4,2024-02-16,7,WH-D8
T01361,C0756,P0018,3,2024-02-15,3,WH-E7
T01362,C0423,P0784,1,2024-02-19,6,WH-E9
T01363,C0836,P0012,3,2024-02-29,2,WH-D9
T01364,C0640,P0404,4,2024-02-20,5,WH-A6
T01365,C0605,P0813,3,2024-02-19,4,WH-E2
T01366,C0812,P0704,3,2024-02-18,2,WH-A4
T01367,C0133,P0232,4,2024-02-26,3,WH-C3
T01368,C0055,P0955,2,2024-02-12,4,WH-E1
T01369,C0989,P0605,5,2024-02-25,2,WH-E7
T01370,C0510,P0990,1,2024-02-16,1,WH-C7
T01371,C0670,P0730,5,2024-02-01,3,WH-A1
T01372,C0541,P0278,1,2024-02-16,2,WH-A5
T01373,C0410,P0353,5,2024-02-02,6,WH-B9
T01374,C0211,P0999,3,2024-02-24,1,WH-E9
T01375,C0666,P0303,2,2024-02-15,3,WH-E4
T01376,C0293,P0541,3,2024-02-07,5,WH-D6
T01377,C0987,P0470,2,2024-02-28,7,WH-D8
T01378,C0734,P0813,4,2024-02-01,3,WH-E9
T01379,C0115,P0077,1,2024-02-05,6,WH-B6
T01380,C0949,P0521,1,2024-02-10,5,WH-A8
T01381,C0670,P0024,4,2024-02-22,5,WH-A5
T01382,C0259,P0015,5,2024-02-21,5,WH-D2
T01383,C0763,P0676,4,2024-02-04,4,WH-A3
T01384,C0122,P0525,4,2024-02-14,4,WH-C5
T01385,C0299,P0347,2,2024-02-13,7,WH-C8
T01386,C0775,P0172,4,2024-02-01,5,WH-B9
T01387,C0381,P0869,1,2024-02-16,7,WH-D6
T01388,C0561,P0327,3,2024-02-23,1,WH-D2
T01389,C0889,P0712,2,2024-02-09,5,WH-D8
T01390,C0841,P0485,2,2024-02-22,2,WH-C2
T01391,C0501,P0489,5,2024-02-16,5,WH-C1
T01392,C0297,P0462,3,2024-02-19,4,WH-A1
T01393,C0362,P0378,2,2024-02-15,4,WH-C2
T01394,C0589,P0588,4,2024-02-26,2,WH-B4
T01395,C0463,P0164,2,2024-02-14,2,WH-E3
T01396,C0438,P0372,2,2024-02-20,3,WH-E3
T01397,C0127,P0573,2,2024-02-10,1,WH-C9
T01398,C0197,P1000,5,2024-02-21,1,WH-D8
T01399,C0221,P0977,2,2024-02-12,1,WH-B7
T01400,C0995,P0424,2,2024-02-28,6,WH-B3
T01401,C0091,P0757,5,2024-02-01,4,WH-D7
T01402,C0411,P0477,3,2024-02-21,1,WH-A4
T01403,C0008,P0382,1,2024-02-17,3,WH-D7
T01404,C0544,P0155,5,2024-02-09,3,WH-D1
T01405,C0468,P0257,5,2024-02-23,1,WH-B4
T01406,C0320,P0756,2,2024-02-19,2,WH-C2
T01407,C0394,P0674,2,2024-02-25,3,WH-E2
T01408,C0269,P0068,1,2024-02-18,7,WH-E3
T01409,C0191,P0344,2,2024-02-28,2,WH-C6
T01410,C0861,P0277,4,2024-02-07,7,WH-B8
T01411,C0675,P0673,2,2024-02-09,4,WH-A5
T01412,C0061,P0391,2,2024-02-22,6,WH-D9
T01413,C0438,P0449,4,2024-02-26,3,WH-C7
T01414,C0264,P0259,1,2024-02-21,2,WH-E7
T01415,C0797,P0307,4,2024-02-12,7,WH-E2
T01416,C0095,P0847,5,2024-02-07,1,WH-C6
T01417,C0553,P0095,4,2024-02-14,7,WH-D3
T01418,C0926,P0950,3,2024-02-15,7,WH-C2
T01419,C0470,P0464,5,2024-02-15,4,WH-B6
T01420,C0661,P0970,2,2024-02-06,5,WH-A4
T01421,C0716,P0246,5,2024-02-21,5,WH-C2
T01422,C0779,P0733,1,2024-02-14,1,WH-B6
T01423,C0514,P0635,1,2024-02-02,4,WH-B9
T01424,C0690,P0187,4,2024-02-08,4,WH-D7
T01425,C0937,P0774,5,2024-02-13,4,WH-E3
T01426,C0194,P0925,2,2024-02-23,4,WH-E7
T01427,C0482,P0785,1,2024-02-06,5,WH-D3
T01428,C0899,P0373,2,2024-02-05,2,WH-D9
T01429,C0336,P0572,3,2024-02-05,4,WH-B9
T01430,C0435,P0406,1,2024-02-25,2,WH-B8
T01431,C0196,P0408,4,2024-02-01,7,WH-C3
T01432,C0855,P0125,3,2024-02-09,7,WH-B6
T01433,C0249,P0337,5,2024-02-06,4,WH-D1
T01434,C0498,P0341,2,2024-02-20,3,WH-C1
T01435,C0212,P0563,1,2024-02-26,6,WH-D3
T01436,C0665,P0178,3,2024-02-07,3,WH-B7
T01437,C0670,P0651,3,2024-02-09,7,WH-E9
T01438,C0466,P0952,1,2024-02-05,6,WH-D7
T01439,C0874,P0839,5,2024-02-14,3,WH-D7
T01440,C0651,P0170,5,2024-02-05,4,WH-D8
T01441,C0221,P0039,4,2024-02-08,2,WH-B2
T01442,C0273,P0069,5,2024-02-07,6,WH-E1
T01443,C0154,P0236,4,2024-02-13,5,WH-B5
T01444,C0249,P0560,3,2024-02-13,1,WH-A5
T01445,C0279,P0381,1,2024-02-08,6,WH-B9
T01446,C0440,P0057,5,2024-02-11,6,WH-C3
T01447,C0948,P0277,4,2024-02-28,5,WH-D8
T01448,C0816,P0850,3,2024-02-26,4,WH-E9
T01449,C0276,P0099,5,2024-02-18,3,WH-A2
T01450,C0514,P0916,2,2024-02-25,3,WH-C9
T01451,C0088,P0527,3,2024-02-19,7,WH-C9
T01452,C0799,P0325,5,2024-02-06,2,WH-A8
T01453,C0923,P0461,3,2024-02-22,4,WH-E4
T01454,C0642,P0179,1,2024-02-02,5,WH-D2
T01455,C0505,P0844,1,2024-02-28,4,WH-B5
T01456,C0590,P0574,1,2024-02-13,4,WH-A8
T01457,C0772,P0119,2,2024-02-23,3,WH-C6
T01458,C0241,P0469,1,2024-02-25,5,WH-A8
T01459,C0653,P0549,2,2024-02-28,1,WH-A4
T01460,C0740,P0646,1,2024-02-26,6,WH-B6
T01461,C0675,P0455,3,2024-02-11,3,WH-E7
T01462,C0236,P0026,5,2024-02-01,5,WH-B3
T01463,C0128,P0490,5,2024-02-24,2,WH-B4
T01464,C0503,P0008,1,2024-02-02,6,WH-A6
T01465,C0200,P0969,5,2024-02-17,6,WH-E5
T01466,C0962,P0987,1,2024-02-08,3,WH-E9
T01467,C0902,P0516,1,2024-02-02,7,WH-B6
T01468,C0543,P0533,4,2024-02-06,2,WH-C5
T01469,C0502,P0927,4,2024-02-22,3,WH-E5
T01470,C0650,P0149,4,2024-02-05,4,WH-E2
T01471,C0492,P0488,2,2024-02-16,7,WH-B7
T01472,C0021,P0025,4,2024-02-08,5,WH-A5
T01473,C0234,P0999,1,2024-02-19,2,WH-B3
T01474,C0714,P0655,3,2024-02-16,6,WH-B3
T01475,C0791,P0757,4,2024-02-13,3,WH-C4
T01476,C0643,P0931,4,2024-02-26,6,WH-D8
T01477,C0416,P0945,3,2024-02-20,2,WH-B5
T01478,C0148,P0555,1,2024-02-07,6,WH-D7
T01479,C0970,P0425,2,2024-02-16,3,WH-D2
T01480,C0029,P0293,4,2024-02-23,7,WH-A7
T01481,C0361,P0185,3,2024-02-16,3,WH-E5
T01482,C0308,P0554,1,2024-02-29,1,WH-C8
T01483,C0883,P0431,5,2024-02-12,6,WH-D6
T01484,C0942,P0604,2,2024-02-14,1,WH-E1
T01485,C0162,P0317,3,2024-02-24,7,WH-A8
T01486,C0869,P0398,3,2024-02-18,1,WH-C2
T01487,C0852,P0324,3,2024-02-27,6,WH-E7
T01488,C0061,P0565,4,2024-02-28,2,WH-B7
T01489,C0125,P0596,5,2024-02-18,4,WH-B8
T01490,C0456,P0546,2,2024-02-16,7,WH-C6
T01491,C0071,P0076,1,2024-02-20,3,WH-C6
T01492,C0838,P0865,1,2024-02-16,5,WH-E3
T01493,C0907,P0920,5,2024-02-13,7,WH-E8
T01494,C0876,P0916,3,2024-02-26,1,WH-C1
T01495,C0466,P0709,3,2024-02-29,2,WH-A2
T01496,C0243,P0486,3,2024-02-09,6,WH-D1
T01497,C0490,P0798,3,2024-02-26,2,WH-A3
T01498,C0761,P0088,3,2024-02-28,2,WH-D8
T01499,C0221,P0747,5,2024-02-09,6,WH-A7
T01500,C0473,P0232,4,2024-02-13,5,WH-B3
T01501,C0959,P0007,2,2024-02-29,6,WH-C3
T01502,C0533,P0804,3,2024-02-04,5,WH-C2
T01503,C0494,P0550,4,2024-02-09,6,WH-C5
T01504,C0899,P0976,1,2024-02-15,1,WH-A6
T01505,C0082,P0052,5,2024-02-14,5,WH-B1
T01506,C0856,P0655,4,2024-02-19,1,WH-D5
T01507,C0879,P0942,3,2024-02-12,7,WH-B7
T01508,C0998,P0919,3,2024-02-21,5,WH-A2
T01509,C0522,P0396,3,2024-02-26,5,WH-A4
T01510,C0923,P0221,4,2024-02-25,6,WH-D2
T01511,C0012,P0428,3,2024-02-06,5,WH-B4
T01512,C0263,P0752,4,2024-02-03,1,WH-E8
T01513,C0657,P0143,3,2024-02-26,7,WH-A1
T01514,C0449,P0861,1,2024-02-25,6,WH-C2
T01515,C0192,P0363,1,2024-02-22,3,WH-D3
T01516,C0762,P0382,2,2024-02-20,7,WH-D2
T01517,C0114,P0561,3,2024-02-16,7,WH-B7
T01518,C0026,P0277,3,2024-02-20,1,WH-A2
T01519,C0783,P0271,4,2024-02-24,7,WH-A6
T01520,C0499,P0014,4,2024-02-23,3,WH-C5
T01521,C0508,P0298,3,2024-02-17,2,WH-B7
T01522,C0545,P0464,2,2024-02-16,6,WH-B3
T01523,C0062,P0527,3,2024-02-06,2,WH-A9
T01524,C0229,P0234,4,2024-02-08,6,WH-E1
T01525,C0815,P0575,3,2024-02-19,7,WH-E3
T01526,C0607,P0708,4,2024-02-25,6,WH-D6
T01527,C0035,P0027,3,2024-02-26,1,WH-B3
T01528,C0705,P0471,5,2024-02-02,3,WH-D8
T01529,C0456,P0093,4,2024-02-14,6,WH-B2
T01530,C0588,P0617,2,2024-02-22,3,WH-A3
T01531,C0891,P0309,5,2024-02-12,6,WH-A7
T01532,C0502,P0052,3,2024-02-17,3,WH-C7
T01533,C0761,P0319,4,2024-02-28,2,WH-C3
T01534,C0595,P0969,5,2024-02-27,1,WH-B5
T01535,C0025,P0181,2,2024-02-15,6,WH-A4
T01536,C0569,P0569,4,2024-02-18,4,WH-E5
T01537,C0032,P0120,5,2024-02-16,3,WH-A5
T01538,C0831,P0820,5,2024-02-13,3,WH-B9
T01539,C0012,P0875,5,2024-02-21,4,WH-E9
T01540,C0319,P0043,1,2024-02-17,1,WH-B7
T01541,C0845,P0647,3,2024-02-08,3,WH-C1
T01542,C0604,P0885,4,2024-02-01,1,WH-B8
T01543,C0001,P0938,4,2024-02-29,3,WH-D2
T01544,C0435,P0260,4,2024-02-25,7,WH-B8
T01545,C0838,P0197,5,2024-02-26,5,WH-E2
T01546,C0136,P0645,3,2024-02-27,7,WH-E1
T01547,C0196,P0971,2,2024-02-03,3,WH-C6
T01548,C0133,P0255,4,2024-02-16,5,WH-B7
T01549,C0985,P0732,3,2024-02-28,6,WH-E7
T01550,C0086,P0336,3,2024-02-02,1,WH-C9
T01551,C0476,P0553,1,2024-02-15,3,WH-B8
T01552,C0807,P0502,4,2024-02-01,2,WH-A1
T01553,C0791,P0990,5,2024-02-09,2,WH-E2
T01554,C0324,P0900,3,2024-02-16,4,WH-A5
T01555,C0180,P0255,3,2024-02-04,2,WH-B1
T01556,C0516,P0514,2,2024-02-12,5,WH-A7
T01557,C0638,P0707,1,2024-02-01,2,WH-E5
T01558,C0175,P0242,3,2024-02-01,2,WH-E7
T01559,C0763,P0149,3,2024-02-07,2,WH-D7
T01560,C0021,P0710,5,2024-02-18,3,WH-A9
T01561,C0997,P0299,5,2024-02-23,4,WH-E3
T01562,C0952,P0757,2,2024-02-28,1,WH-C2
T01563,C0105,P0850,2,2024-02-23,4,WH-C2
T01564,C0578,P0620,2,2024-02-15,5,WH-E4
T01565,C0443,P0453,5,2024-02-26,3,WH-B9
T01566,C0775,P0393,5,2024-02-25,6,WH-C7
T01567,C0049,P0212,1,2024-02-13,3,WH-E2
T01568,C0528,P0668,4,2024-02-16,7,WH-C7
T01569,C0145,P0538,4,2024-02-07,2,WH-B1
T01570,C0340,P0594,1,2024-02-16,2,WH-B2
T01571,C0762,P0595,4,2024-02-13,5,WH-D2
T01572,C0855,P0131,5,2024-02-14,6,WH-D1
T01573,C0354,P0329,4,2024-02-17,7,WH-C3
T01574,C0075,P0612,5,2024-02-12,3,WH-A1
T01575,C0802,P0256,1,2024-02-29,6,WH-B1
T01576,C0929,P0479,2,2024-02-24,1,WH-B8
T01577,C0794,P0561,1,2024-02-24,4,WH-C9
T01578,C0578,P0913,4,2024-02-20,3,WH-E5
T01579,C0637,P0063,5,2024-02-13,6,WH-B6
T01580,C0319,P0311,4,2024-02-24,1,WH-B5
T01581,C0087,P0407,4,2024-02-20,1,WH-A1
T01582,C0553,P0802,2,2024-02-15,7,WH-C7
T01583,C0982,P0105,4,2024-02-24,7,WH-C9
T01584,C0698,P0617,2,2024-02-21,4,WH-A5
T01585,C0866,P0837,5,2024-02-04,1,WH-E2
T01586,C0892,P0015,5,2024-02-22,5,WH-D8
T01587,C0847,P0687,2,2024-02-02,1,WH-E6
T01588,C0778,P0259,1,2024-02-28,6,WH-A8
T01589,C0783,P0723,5,2024-02-18,7,WH-E3
T01590,C0042,P0412,1,2024-02-02,5,WH-C3
T01591,C0093,P0259,5,2024-02-25,7,WH-C2
T01592,C0697,P0614,5,2024-02-15,7,WH-E2
T01593,C0727,P0260,3,2024-02-26,7,WH-B9
T01594,C0507,P0856,4,2024-02-19,1,WH-A1
T01595,C0529,P0671,4,2024-02-15,2,WH-A4
T01596,C0956,P0045,1,2024-02-26,1,WH-A8
T01597,C0265,P0955,4,2024-02-20,7,WH-C7
T01598,C0626,P0813,1,2024-02-10,5,WH-B3
T01599,C0292,P0763,5,2024-02-28,1,WH-A9
T01600,C0969,P0331,3,2024-02-24,7,WH-D4
T01601,C0464,P0165,3,2024-02-20,7,WH-C4
T01602,C0804,P0193,5,2024-02-11,1,WH-D6
T01603,C0560,P0521,2,2024-02-26,1,WH-C2
T01604,C0819,P0401,2,2024-02-10,5,WH-E6
T01605,C0097,P0374,4,2024-02-29,1,WH-A9
T01606,C0887,P0065,1,2024-02-23,4,WH-A3
T01607,C0095,P0387,3,2024-02-05,6,WH-B9
T01608,C0326,P0495,4,2024-02-09,4,WH-A7
T01609,C0074,P0794,5,2024-02-20,5,WH-A8
T01610,C0336,P0693,3,2024-02-19,2,WH-C5
T01611,C0068,P0415,1,2024-02-13,4,WH-C2
T01612,C0758,P0794,1,2024-02-18,7,WH-E8
T01613,C0918,P0791,2,2024-02-17,6,WH-A6
T01614,C0077,P0030,4,2024-02-27,3,WH-B5
T01615,C0208,P0266,5,2024-02-06,6,WH-E5
T01616,C0884,P0328,3,2024-02-10,4,WH-E4
T01617,C0766,P0492,1,2024-02-02,3,WH-D6
T01618,C0221,P0217,3,2024-02-24,5,WH-E8
T01619,C0262,P0320,5,2024-02-06,6,WH-B9
T01620,C0410,P0918,3,2024-02-28,2,WH-B3
T01621,C0331,P0399,4,2024-02-28,3,WH-A7
T01622,C0344,P0891,2,2024-02-21,3,WH-A4
T01623,C0989,P0105,3,2024-02-13,6,WH-E6
T01624,C0771,P0696,2,2024-02-18,4,WH-A6
T01625,C0820,P0330,5,2024-02-07,3,WH-A7
T01626,C0074,P0660,2,2024-02-02,5,WH-C2
T01627,C0637,P0617,3,2024-02-29,6,WH-B9
T01628,C0700,P0047,3,2024-02-14,5,WH-B7
T01629,C0254,P0599,1,2024-02-05,6,WH-D1
T01630,C0959,P0821,3,2024-02-18,5,WH-B5
T01631,C0833,P0949,2,2024-02-11,4,WH-A1
T01632,C0820,P0641,1,2024-02-10,6,WH-B9
T01633,C0747,P0770,3,2024-02-11,7,WH-D6
T01634,C0986,P0314,3,2024-02-27,2,WH-D2
T01635,C0762,P0147,5,2024-02-02,4,WH-E2
T01636,C0332,P0958,1,2024-02-15,5,WH-E3
T01637,C0398,P0462,5,2024-02-07,6,WH-D2
T01638,C0345,P0584,5,2024-02-09,4,WH-E1
T01639,C0584,P0486,5,2024-02-05,5,WH-D3
T01640,C0747,P0652,4,2024-02-07,1,WH-B5
T01641,C0836,P0410,5,2024-02-20,1,WH-C6
T01642,C0668,P0027,2,2024-02-02,3,WH-D6
T01643,C0455,P0029,3,2024-02-03,2,WH-C8
T01644,C0906,P0271,4,2024-02-02,1,WH-C4
T01645,C0115,P0686,5,2024-02-21,7,WH-A4
T01646,C0313,P0501,3,2024-02-22,5,WH-B2
T01647,C0228,P0253,1,2024-02-23,4,WH-B2
T01648,C0834,P0385,1,2024-02-19,6,WH-B8
T01649,C0858,P0060,3,2024-02-04,4,WH-D6
T01650,C0245,P0107,2,2024-02-24,3,WH-D2
T01651,C0818,P0220,3,2024-02-20,4,WH-E6
T01652,C0526,P0441,3,2024-02-07,1,WH-B8
T01653,C0528,P0771,4,2024-02-28,4,WH-C8
T01654,C0950,P0883,1,2024-02-22,1,WH-C2
T01655,C0427,P0658,1,2024-02-07,1,WH-A3
T01656,C0042,P0564,5,2024-02-17,2,WH-C1
T01657,C0465,P0572,3,2024-02-19,3,WH-B6
T01658,C0622,P0546,3,2024-02-22,7,WH-B2
T01659,C0278,P0096,2,2024-02-16,7,WH-B6
T01660,C0836,P0989,1,2024-02-03,5,WH-D9
T01661,C0019,P0089,2,2024-02-15,7,WH-A5
T01662,C0066,P0828,4,2024-02-14,1,WH-C3
T01663,C0167,P0922,5,2024-02-15,6,WH-A7
T01664,C0585,P0231,2,2024-02-14,3,WH-D9
T01665,C0403,P0968,1,2024-02-07,5,WH-E4
T01666,C0912,P0275,4,2024-02-25,7,WH-A8
T01667,C0822,P0246,3,2024-02-03,7,WH-A3
T01668,C0409,P0111,4,2024-02-17,6,WH-A1
T01669,C0112,P0234,2,2024-02-10,4,WH-A4
T01670,C0274,P0278,1,2024-02-15,3,WH-B4
T01671,C0407,P0477,2,2024-02-29,6,WH-D6
T01672,C0373,P0417,3,2024-02-06,7,WH-A5
T01673,C0597,P0678,3,2024-02-28,3,WH-A1
T01674,C0651,P0128,1,2024-02-17,3,WH-A4
T01675,C0039,P0237,5,2024-02-17,7,WH-D3
T01676,C0105,P0803,4,2024-02-14,4,WH-A6
T01677,C0324,P0619,4,2024-02-24,4,WH-A1
T01678,C0793,P0128,3,2024-02-25,7,WH-D1
T01679,C0959,P0707,2,2024-02-18,3,WH-B7
T01680,C0992,P0851,2,2024-02-25,6,WH-D8
T01681,C0414,P0394,5,2024-02-05,2,WH-A7
T01682,C0429,P0475,2,2024-02-29,1,WH-D3
T01683,C0635,P0655,4,2024-02-08,4,WH-C4
T01684,C0730,P0395,2,2024-02-07,7,WH-B5
T01685,C0889,P0111,5,2024-02-23,2,WH-C8
T01686,C0061,P0090,4,2024-02-04,4,WH-B1
T01687,C0612,P0763,2,2024-02-18,3,WH-E4
T01688,C0307,P0280,4,2024-02-05,7,WH-C8
T01689,C0354,P0333,3,2024-02-16,2,WH-D9
T01690,C0393,P0224,3,2024-02-14,7,WH-D1
T01691,C0204,P0101,3,2024-02-27,6,WH-A5
T01692,C0258,P0132,2,2024-02-27,6,WH-D3
T01693,C0486,P0013,5,2024-02-19,5,WH-D4
T01694,C0517,P0457,4,2024-02-14,1,WH-E4
T01695,C0446,P0441,1,2024-02-09,1,WH-E1
T01696,C0709,P0098,3,2024-02-06,4,WH-D6
T01697,C0180,P0120,3,2024-02-17,1,WH-D9
T01698,C0342,P0293,1,2024-02-19,7,WH-D6
T01699,C0133,P0816,1,2024-02-12,7,WH-E9
T01700,C0443,P0711,2,2024-02-04,5,WH-C7
T01701,C0836,P0001,4,2024-02-16,6,WH-C3
T01702,C0253,P0572,3,2024-02-25,2,WH-A6
T01703,C0265,P0250,5,2024-02-11,2,WH-E4
T01704,C0093,P0652,2,2024-02-22,6,WH-A5
T01705,C0662,P0149,2,2024-02-04,3,WH-A8
T01706,C0411,P0395,5,2024-02-17,6,WH-E6
T01707,C0138,P0044,5,2024-02-08,2,WH-E4
T01708,C0208,P0883,5,2024-02-14,4,WH-B2
T01709,C0637,P0698,1,2024-02-27,5,WH-B4
T01710,C0746,P0620,3,2024-02-02,6,WH-C9
T01711,C0573,P0044,1,2024-02-11,3,WH-A4
T01712,C0307,P0078,3,2024-02-11,4,WH-E7
T01713,C0266,P0226,1,2024-02-24,6,WH-C3
T01714,C0646,P0162,4,2024-02-22,4,WH-B4
T01715,C0318,P0793,3,2024-02-24,6,WH-E6
T01716,C0113,P0253,2,2024-02-06,4,WH-C1
T01717,C0901,P0132,3,2024-02-21,7,WH-C3
T01718,C0378,P0448,3,2024-02-21,1,WH-E4
T01719,C0454,P0884,3,2024-02-14,4,WH-D9
T01720,C0191,P0887,4,2024-02-10,7,WH-C3
T01721,C0891,P0474,1,2024-02-26,1,WH-D1
T01722,C0440,P0656,2,2024-02-27,2,WH-A1
T01723,C0187,P0778,1,2024-02-08,1,WH-B4
T01724,C0831,P0109,1,2024-02-07,4,WH-A9
T01725,C0367,P0706,5,2024-02-08,5,WH-D1
T01726,C0089,P0035,4,2024-02-28,5,WH-C4
T01727,C0187,P0467,5,2024-02-08,2,WH-B6
T01728,C0819,P0902,4,2024-02-23,4,WH-B6
T01729,C0946,P0275,1,2024-02-02,1,WH-A1
T01730,C0132,P0187,1,2024-02-27,5,WH-B3
T01731,C0872,P0949,4,2024-02-16,6,WH-A9
T01732,C0635,P0243,1,2024-02-09,3,WH-C2
T01733,C0560,P0264,1,2024-02-13,4,WH-C7
T01734,C0800,P0974,2,2024-02-23,7,WH-E2
T01735,C0376,P0522,5,2024-02-12,7,WH-C5
T01736,C0691,P0963,5,2024-02-27,6,WH-C3
T01737,C0692,P0678,5,2024-02-22,6,WH-B7
T01738,C0099,P0541,3,2024-02-25,4,WH-D6
T01739,C0842,P0783,2,2024-02-29,3,WH-B9
T01740,C0034,P0087,5,2024-02-17,5,WH-E6
T01741,C0932,P0535,5,2024-02-27,3,WH-B3
T01742,C0582,P0210,2,2024-02-02,2,WH-D5
T01743,C0171,P0046,1,2024-02-13,1,WH-C3
T01744,C0366,P0467,5,2024-02-01,1,WH-B1
T01745,C0784,P0540,1,2024-02-26,6,WH-E7
T01746,C0059,P0026,5,2024-02-28,5,WH-E1
T01747,C0181,P0266,4,2024-02-19,3,WH-B6
T01748,C0019,P0175,3,2024-02-11,6,WH-E4
T01749,C0226,P0516,5,2024-02-05,4,WH-E2
T01750,C0473,P0311,4,2024-02-01,6,WH-D3
T01751,C0095,P0322,2,2024-02-20,4,WH-C2
T01752,C0881,P0579,4,2024-02-13,4,WH-B6
T01753,C0297,P0135,2,2024-02-08,2,WH-C3
T01754,C0593,P0055,5,2024-02-06,2,WH-A6
T01755,C0175,P0976,2,2024-02-29,4,WH-D1
T01756,C0222,P0543,4,2024-02-17,5,WH-C4
T01757,C0615,P0586,3,2024-02-12,2,WH-B2
T01758,C0054,P0531,1,2024-02-01,2,WH-C5
T01759,C0695,P0156,1,2024-02-03,1,WH-A1
T01760,C0863,P0849,3,2024-02-14,6,WH-A7
T01761,C0403,P0668,1,2024-02-26,1,WH-D7
T01762,C0318,P0147,5,2024-02-08,5,WH-B7
T01763,C0867,P0485,5,2024-02-11,2,WH-D7
T01764,C0349,P0599,4,2024-02-27,7,WH-C9
T01765,C0443,P0020,4,2024-02-14,2,WH-D2
T01766,C0833,P0269,2,2024-02-08,3,WH-D4
T01767,C0580,P0333,4,2024-02-29,5,WH-B8
T01768,C0540,P0555,5,2024-02-03,7,WH-A1
T01769,C0786,P0907,4,2024-02-07,6,WH-C1
T01770,C0282,P0944,1,2024-02-28,6,WH-C5
T01771,C0360,P0911,2,2024-02-19,7,WH-A2
T01772,C0915,P0401,2,2024-02-04,6,WH-C3
T01773,C0823,P0950,5,2024-02-25,7,WH-D3
T01774,C0631,P0306,4,2024-02-16,5,WH-A9
T01775,C0892,P0028,1,2024-02-13,7,WH-A6
T01776,C0953,P0467,4,2024-02-20,7,WH-E8
T01777,C0646,P0260,3,2024-02-19,3,WH-A7
T01778,C0641,P0534,4,2024-02-05,3,WH-B7
T01779,C0008,P0982,5,2024-02-23,1,WH-B1
T01780,C0993,P0887,4,2024-02-05,5,WH-A6
T01781,C0563,P0101,2,2024-02-20,5,WH-B4
T01782,C0491,P0551,1,2024-02-24,3,WH-D9
T01783,C0341,P0802,5,2024-02-04,4,WH-E5
T01784,C0472,P0353,3,2024-02-02,4,WH-C5
T01785,C0793,P0300,1,2024-02-26,1,WH-B2
T01786,C0687,P0682,1,2024-02-13,4,WH-A7
T01787,C0695,P0296,2,2024-02-16,4,WH-E9
T01788,C0704,P0353,2,2024-02-22,4,WH-D3
T01789,C0249,P0908,2,2024-02-02,2,WH-A6
T01790,C0235,P0130,5,2024-02-19,1,WH-A7
T01791,C0083,P0156,4,2024-02-17,3,WH-A5
T01792,C0093,P0074,1,2024-02-05,4,WH-E8
T01793,C0885,P0342,4,2024-02-25,6,WH-B2
T01794,C0394,P0465,4,2024-02-18,7,WH-A4
T01795,C0824,P0090,2,2024-02-28,2,WH-B5
T01796,C0268,P0579,4,2024-02-23,4,WH-A8
T01797,C0417,P0455,1,2024-02-21,7,WH-A5
T01798,C0632,P0748,1,2024-02-18,7,WH-D8
T01799,C0583,P0712,3,2024-02-08,2,WH-D5
T01800,C0529,P0980,5,2024-02-27,1,WH-A9
T01801,C0253,P0332,4,2024-02-15,6,WH-D3
T01802,C0957,P0739,5,2024-02-13,6,WH-C7
T01803,C0122,P0977,5,2024-02-13,6,WH-C3
T01804,C0892,P0348,5,2024-02-16,4,WH-D1
T01805,C0010,P0233,5,2024-02-22,2,WH-C8
T01806,C0799,P0778,1,2024-02-20,6,WH-D5
T01807,C0316,P0598,4,2024-02-13,7,WH-B5
T01808,C0838,P0102,3,2024-02-20,7,WH-E1
T01809,C0273,P0953,5,2024-02-02,5,WH-B2
T01810,C0306,P0481,3,2024-02-03,5,WH-A6
T01811,C0805,P0214,1,2024-02-15,2,WH-E7
T01812,C0210,P0108,1,2024-02-23,4,WH-E4
T01813,C0958,P0165,2,2024-02-19,4,WH-E1
T01814,C0730,P0973,5,2024-02-13,1,WH-D9
T01815,C0753,P0603,2,2024-02-05,1,WH-D9
T01816,C0886,P0704,3,2024-02-26,6,WH-D4
T01817,C0464,P0335,4,2024-02-22,3,WH-D5
T01818,C0712,P0086,2,2024-02-06,7,WH-A7
T01819,C0728,P0734,1,2024-02-14,1,WH-A9
T01820,C0717,P0875,5,2024-02-04,4,WH-E9
T01821,C0925,P0424,3,2024-02-22,7,WH-E3
T01822,C0416,P0613,1,2024-02-19,3,WH-A8
T01823,C0216,P0738,4,2024-02-23,1,WH-B3
T01824,C0080,P0364,5,2024-02-07,2,WH-B4
T01825,C0779,P0060,4,2024-02-04,5,WH-B1
T01826,C0480,P0482,4,2024-02-02,1,WH-D2
T01827,C0902,P0250,5,2024-02-27,1,WH-D4
T01828,C0891,P0560,5,2024-02-07,2,WH-B5
T01829,C0547,P0117,4,2024-02-03,4,WH-C2
T01830,C0801,P0739,3,2024-02-15,6,WH-A7
T01831,C0018,P0874,5,2024-02-01,2,WH-E7
T01832,C0165,P0915,1,2024-02-02,6,WH-E6
T01833,C0525,P0968,2,2024-02-10,1,WH-C9
T01834,C0202,P0999,3,2024-02-16,4,WH-D1
T01835,C0741,P0545,5,2024-02-25,3,WH-E9
T01836,C0346,P0044,5,2024-02-28,1,WH-D2
T01837,C0366,P0509,3,2024-02-15,2,WH-D3
T01838,C0977,P0988,2,2024-02-24,3,WH-B2
T01839,C0448,P0165,4,2024-02-15,5,WH-A2
T01840,C0513,P0368,1,2024-02-14,3,WH-C9
T01841,C0319,P0857,5,2024-02-22,2,WH-C7
T01842,C0217,P0292,2,2024-02-14,7,WH-C7
T01843,C0034,P0849,1,2024-02-06,3,WH-D8
T01844,C0871,P0856,3,2024-02-14,2,WH-A3
T01845,C0266,P0917,5,2024-02-17,7,WH-C7
T01846,C0640,P0898,4,2024-02-18,1,WH-B7
T01847,C0724,P0799,3,2024-02-20,7,WH-A7
T01848,C0775,P0876,5,2024-02-19,4,WH-C4
T01849,C0824,P0737,2,2024-02-17,5,WH-A8
T01850,C0080,P0286,1,2024-02-16,7,WH-C6
T01851,C0677,P0204,1,2024-02-08,4,WH-A6
T01852,C0413,P0684,5,2024-02-07,4,WH-C5
T01853,C0252,P0524,3,2024-02-20,4,WH-C8
T01854,C0012,P0819,4,2024-02-28,7,WH-A4
T01855,C0401,P0121,2,2024-02-12,2,WH-B5
T01856,C0816,P0945,5,2024-02-09,2,WH-D6
T01857,C0724,P0756,2,2024-02-27,5,WH-C7
T01858,C0282,P0664,1,2024-02-14,2,WH-E2
T01859,C0112,P0664,4,2024-02-20,6,WH-B8
T01860,C0723,P0188,2,2024-02-01,2,WH-B7
T01861,C0378,P0907,5,2024-02-10,2,WH-D9
T01862,C0751,P0013,4,2024-02-17,2,WH-C1
T01863,C0268,P0603,3,2024-02-17,1,WH-E3
T01864,C0917,P0200,5,2024-02-17,5,WH-A5
T01865,C0298,P0586,2,2024-02-04,6,WH-E7
T01866,C0317,P0768,4,2024-02-17,2,WH-B9
T01867,C0570,P0456,5,2024-02-18,5,WH-E1
T01868,C0509,P0448,4,2024-02-20,3,WH-B4
T01869,C0950,P0788,4,2024-02-23,1,WH-B1
T01870,C0546,P0840,4,2024-02-02,7,WH-B1
T01871,C0775,P0841,2,2024-02-08,2,WH-D1
T01872,C0365,P0071,5,2024-02-13,6,WH-C4
T01873,C0547,P0590,1,2024-02-23,1,WH-C6
T01874,C0271,P0796,1,2024-02-25,6,WH-D9
T01875,C0961,P0130,2,2024-02-22,7,WH-D2
T01876,C0474,P0889,2,2024-02-20,7,WH-A4
T01877,C0739,P0043,4,2024-02-22,1,WH-C8
T01878,C0537,P0520,5,2024-02-15,3,WH-E8
T01879,C0234,P0013,5,2024-02-20,5,WH-B8
T01880,C0059,P0725,3,2024-02-23,1,WH-E9
T01881,C0251,P0623,3,2024-02-09,4,WH-C6
T01882,C0847,P0988,1,2024-02-03,7,WH-B5
T01883,C0086,P0803,3,2024-02-03,3,WH-A5
T01884,C0763,P0535,3,2024-02-02,7,WH-A7
T01885,C0390,P0302,1,2024-02-01,4,WH-A3
T01886,C0180,P0766,1,2024-02-14,3,WH-E4
T01887,C0719,P0527,3,2024-02-17,7,WH-B4
T01888,C0856,P0642,5,2024-02-13,4,WH-B5
T01889,C0149,P0573,3,2024-02-19,4,WH-D9
T01890,C0583,P0115,4,2024-02-23,7,WH-A1
T01891,C0121,P0460,4,2024-02-15,7,WH-D3
T01892,C0765,P0832,4,2024-02-27,6,WH-B1
T01893,C0605,P0505,2,2024-02-25,1,WH-B5
T01894,C0256,P0308,4,2024-02-14,1,WH-E5
T01895,C0766,P0932,5,2024-02-02,3,WH-C7
T01896,C0864,P0963,2,2024-02-07,5,WH-D6
T01897,C0800,P0325,2,2024-02-17,7,WH-D5
T01898,C0309,P0579,4,2024-02-18,6,WH-B8
T01899,C0059,P0761,3,2024-02-06,1,WH-C9
T01900,C0069,P0175,1,2024-02-27,1,WH-E7
T01901,C0446,P0851,3,2024-02-21,6,WH-E2
T01902,C0388,P0514,3,2024-02-08,2,WH-A9
T01903,C0086,P0172,2,2024-02-28,6,WH-C9
T01904,C0786,P0997,2,2024-02-27,1,WH-E5
T01905,C0227,P0960,2,2024-02-02,5,WH-C2
T01906,C0593,P0502,5,2024-02-01,2,WH-D2
T01907,C0626,P0977,5,2024-02-16,4,WH-C5
T01908,C0184,P0334,1,2024-02-07,6,WH-C5
T01909,C0792,P0284,2,2024-02-22,4,WH-C5
T01910,C0322,P0475,4,2024-02-24,2,WH-B3
T01911,C0909,P0054,2,2024-02-11,2,WH-E4
T01912,C0318,P0458,5,2024-02-15,2,WH-A7
T01913,C0566,P0579,2,2024-02-13,3,WH-C3
T01914,C0399,P0420,5,2024-02-24,6,WH-A8
T01915,C0709,P0614,2,2024-02-02,7,WH-C5
T01916,C0899,P0632,4,2024-02-14,5,WH-D7
T01917,C0293,P0703,1,2024-02-24,5,WH-D1
T01918,C0293,P0409,4,2024-02-06,4,WH-E4
T01919,C0485,P0982,5,2024-02-09,4,WH-C4
T01920,C0899,P0304,3,2024-02-28,7,WH-E8
T01921,C0447,P0935,4,2024-02-07,4,WH-C9
T01922,C0803,P0559,2,2024-02-18,6,WH-C3
T01923,C0692,P0222,1,2024-02-24,1,WH-E3
T01924,C0983,P0533,2,2024-02-09,4,WH-C2
T01925,C0892,P0158,2,2024-02-23,2,WH-D3
T01926,C0412,P0348,4,2024-02-04,4,WH-C9
T01927,C0508,P0159,1,2024-02-09,2,WH-B6
T01928,C0734,P0889,3,2024-02-04,3,WH-A4
T01929,C0786,P0884,2,2024-02-12,1,WH-C4
T01930,C0890,P0922,1,2024-02-04,1,WH-C7
T01931,C0244,P0235,3,2024-02-25,7,WH-C6
T01932,C0420,P0662,2,2024-02-24,6,WH-C5
T01933,C0929,P0405,1,2024-02-20,6,WH-D2
T01934,C0960,P0257,4,2024-02-14,5,WH-D1
T01935,C0154,P0677,2,2024-02-24,3,WH-E2
T01936,C0816,P0589,2,2024-02-24,7,WH-D4
T01937,C0424,P0597,1,2024-02-07,6,WH-E2
T01938,C0273,P0558,2,2024-02-26,2,WH-D9
T01939,C0936,P0905,3,2024-02-13,3,WH-C7
T01940,C0647,P0913,2,2024-02-22,1,WH-A3
T01941,C0825,P0047,5,2024-02-08,2,WH-B4
T01942,C0520,P0213,3,2024-02-23,7,WH-C7
T01943,C0128,P0479,1,2024-02-05,7,WH-E8
T01944,C0373,P0487,3,2024-02-12,3,WH-B6
T01945,C0568,P0571,5,2024-02-13,1,WH-B2
T01946,C0638,P0566,5,2024-02-29,6,WH-D6
T01947,C0159,P0342,2,2024-02-20,2,WH-B6
T01948,C0571,P0524,2,2024-02-14,2,WH-A1
T01949,C0570,P0704,4,2024-02-28,1,WH-D5
T01950,C0652,P0503,3,2024-02-18,2,WH-B3
T01951,C0176,P0006,4,2024-02-27,6,WH-E3
T01952,C0927,P0821,5,2024-02-24,6,WH-D2
T01953,C0620,P0144,2,2024-02-25,6,WH-B7
T01954,C0211,P0858,2,2024-02-20,1,WH-D7
T01955,C0447,P0261,2,2024-02-04,4,WH-D8
T01956,C0586,P0585,1,2024-02-21,4,WH-D1
T01957,C0167,P0686,5,2024-02-18,7,WH-A9
T01958,C0460,P0232,2,2024-02-07,7,WH-B6
T01959,C0916,P0270,5,2024-02-15,2,WH-A6
T01960,C0357,P0940,2,2024-02-21,6,WH-E4
T01961,C0304,P0447,3,2024-02-06,2,WH-A1
T01962,C0233,P0874,5,2024-02-16,1,WH-B4
T01963,C0327,P0222,4,2024-02-20,2,WH-C5
T01964,C0884,P0052,1,2024-02-24,5,WH-B2
T01965,C0182,P0116,4,2024-02-08,4,WH-D9
T01966,C0634,P0538,5,2024-02-28,2,WH-E5
T01967,C0334,P0565,2,2024-02-21,2,WH-B2
T01968,C0715,P0877,5,2024-02-16,3,WH-A5
T01969,C0967,P0541,1,2024-02-28,2,WH-C8
T01970,C0029,P0019,5,2024-02-22,5,WH-E9
T01971,C0714,P0815,2,2024-02-16,4,WH-C7
T01972,C0093,P0392,4,2024-02-03,3,WH-B6
T01973,C0841,P0791,3,2024-02-17,1,WH-D6
T01974,C0868,P0629,4,2024-02-09,7,WH-B3
T01975,C0688,P0618,2,2024-02-25,1,WH-D1
T01976,C0330,P0419,2,2024-02-03,4,WH-B4
T01977,C0723,P0991,1,2024-02-20,7,WH-B4
T01978,C0184,P0309,5,2024-02-29,1,WH-A9
T01979,C0095,P0739,5,2024-02-07,5,WH-B2
T01980,C0785,P0864,4,2024-02-18,2,WH-C1
T01981,C0649,P0186,3,2024-02-12,4,WH-D5
T01982,C0749,P0261,3,2024-02-19,7,WH-E1
T01983,C0353,P0528,1,2024-02-16,3,WH-E1
T01984,C0930,P0273,2,2024-02-22,2,WH-A1
T01985,C0941,P0160,1,2024-02-27,1,WH-A2
T01986,C0984,P0870,5,2024-02-24,1,WH-D8
T01987,C0265,P0762,2,2024-02-17,3,WH-D2
T01988,C0647,P0224,1,2024-02-20,5,WH-E5
T01989,C0656,P0256,4,2024-02-15,3,WH-D3
T01990,C0019,P0180,5,2024-02-01,4,WH-B1
T01991,C0743,P0020,3,2024-02-02,3,WH-C7
T01992,C0646,P0624,1,2024-02-08,1,WH-A9
T01993,C0626,P0632,5,2024-02-22,5,WH-C3
T01994,C0499,P0706,5,2024-02-25,5,WH-D2
T01995,C0139,P0468,3,2024-02-02,6,WH-E2
T01996,C0637,P0623,3,2024-02-19,3,WH-C2
T01997,C0716,P0210,3,2024-02-09,4,WH-A8
T01998,C0573,P0513,1,2024-02-09,1,WH-B4
T01999,C0762,P0058,3,2024-02-13,2,WH-C9
T02000,C0810,P0093,4,2024-02-06,5,WH-B6